 "1","36212","grayscale_avg","0.134700"
 "4","36212","grayscale_avg","0.299200"
 "5","36212","grayscale_lums","0.284100"
 "6","36212","flipX","0.588600"
 "7","36212","flipY","0.594900"
 "8","36212","std_convolve_clamp_to_0","0.940500"
 "9","36212","std_convolve_clamp_to_border","1.006600"
 "10","36212","colorMasks","0.375800"
 "11","36212","encodeMessages","0.000100"
 "12","36212","decodeMessages","0.000100"
 "13","36212","grayscale_avg","0.196700"
 "14","36212","grayscale_lums","0.252400"
 "15","36212","flipX","0.626900"
 "16","36212","flipY","0.709800"
 "17","36212","std_convolve_clamp_to_0","0.891900"
 "18","36212","std_convolve_clamp_to_border","0.965900"
 "19","36212","colorMasks","0.379400"
 "20","36212","encodeMessages","0.000100"
 "21","36212","decodeMessages","0.000100"
 "22","36212","grayscale_avg","0.337100"
 "23","36212","grayscale_lums","0.226200"
 "24","36212","flipX","0.469800"
 "25","36212","flipY","0.568100"
 "26","36212","std_convolve_clamp_to_0","1.039500"
 "27","36212","std_convolve_clamp_to_border","0.912500"
 "28","36212","colorMasks","0.415300"
 "29","36212","encodeMessages","0.000100"
 "30","36212","decodeMessages","0.000100"
 "31","36212","grayscale_avg","0.237300"
 "32","36212","grayscale_lums","0.299400"
 "33","36212","flipX","0.515300"
 "34","36212","flipY","0.527100"
 "35","36212","std_convolve_clamp_to_0","0.970200"
 "36","36212","std_convolve_clamp_to_border","1.016400"
 "37","36212","colorMasks","0.370500"
 "38","36212","encodeMessages","0.000100"
 "39","36212","decodeMessages","0.000100"
 "40","36212","grayscale_avg","0.273600"
 "41","36212","grayscale_lums","0.216000"
 "42","36212","flipX","0.564100"
 "43","36212","flipY","0.510700"
 "44","36212","std_convolve_clamp_to_0","0.954800"
 "45","36212","std_convolve_clamp_to_border","0.986000"
 "46","36212","colorMasks","0.367400"
 "47","36212","encodeMessages","0.000200"
 "48","36212","decodeMessages","0.000000"
 "49","36212","grayscale_avg","0.269400"
 "50","36212","grayscale_lums","0.246100"
 "51","36212","flipX","0.499900"
 "52","36212","flipY","0.513200"
 "53","36212","std_convolve_clamp_to_0","1.004600"
 "54","36212","std_convolve_clamp_to_border","0.933900"
 "55","36212","colorMasks","0.421200"
 "56","36212","encodeMessages","0.000100"
 "57","36212","decodeMessages","0.000000"
 "58","36212","grayscale_avg","0.287900"
 "59","36212","grayscale_lums","0.295300"
 "60","36212","flipX","0.810900"
 "61","36212","flipY","1.619900"
 "62","36212","std_convolve_clamp_to_0","1.515500"
 "63","36212","std_convolve_clamp_to_border","1.160200"
 "64","36212","colorMasks","0.464000"
 "65","36212","encodeMessages","0.000100"
 "66","36212","decodeMessages","0.000000"
 "67","36212","grayscale_avg","0.412600"
 "68","36212","grayscale_lums","0.326800"
 "69","36212","flipX","0.616600"
 "70","36212","flipY","0.666500"
 "71","36212","std_convolve_clamp_to_0","1.378600"
 "72","36212","std_convolve_clamp_to_border","1.144600"
 "73","36212","colorMasks","0.484500"
 "74","36212","encodeMessages","0.000100"
 "75","36212","decodeMessages","0.000000"
 "76","36212","grayscale_avg","0.309900"
 "77","36212","grayscale_lums","0.408500"
 "78","36212","flipX","0.693300"
 "79","36212","flipY","0.615300"
 "80","36212","std_convolve_clamp_to_0","1.036800"
 "81","36212","std_convolve_clamp_to_border","1.141200"
 "82","36212","colorMasks","0.511100"
 "83","36212","encodeMessages","0.000000"
 "84","36212","decodeMessages","0.000000"
 "85","36212","grayscale_avg","0.354600"
 "86","36212","grayscale_lums","0.305300"
 "87","36212","flipX","0.540000"
 "88","36212","flipY","0.692900"
 "89","36212","std_convolve_clamp_to_0","1.084500"
 "90","36212","std_convolve_clamp_to_border","1.060200"
 "91","36212","colorMasks","0.444300"
 "92","36212","encodeMessages","0.000000"
 "93","36212","decodeMessages","0.000000"
 "94","36212","grayscale_avg","0.346000"
 "95","36212","grayscale_lums","0.341700"
 "96","36212","flipX","0.876700"
 "97","36212","flipY","0.813400"
 "98","36212","std_convolve_clamp_to_0","1.196400"
 "99","36212","std_convolve_clamp_to_border","1.115900"
 "100","36212","colorMasks","0.424600"
 "101","36212","encodeMessages","0.000200"
 "102","36212","decodeMessages","0.000100"
 "103","36212","grayscale_avg","0.311400"
 "104","36212","grayscale_lums","0.321100"
 "105","36212","flipX","0.619400"
 "106","36212","flipY","0.679200"
 "107","36212","std_convolve_clamp_to_0","1.295400"
 "108","36212","std_convolve_clamp_to_border","1.006000"
 "109","36212","colorMasks","0.458400"
 "110","36212","encodeMessages","0.000100"
 "111","36212","decodeMessages","0.000000"
 "112","36212","grayscale_avg","0.394700"
 "113","36212","grayscale_lums","0.354600"
 "114","36212","flipX","0.588800"
 "115","36212","flipY","0.771100"
 "116","36212","std_convolve_clamp_to_0","1.184600"
 "117","36212","std_convolve_clamp_to_border","1.108100"
 "118","36212","colorMasks","0.457800"
 "119","36212","encodeMessages","0.000000"
 "120","36212","decodeMessages","0.000100"
 "121","36212","grayscale_avg","0.342100"
 "122","36212","grayscale_lums","0.341700"
 "123","36212","flipX","0.654100"
 "124","36212","flipY","0.677800"
 "125","36212","std_convolve_clamp_to_0","1.167900"
 "126","36212","std_convolve_clamp_to_border","1.133900"
 "127","36212","colorMasks","0.660300"
 "128","36212","encodeMessages","0.000100"
 "129","36212","decodeMessages","0.000100"
 "130","36212","grayscale_avg","0.391600"
 "131","36212","grayscale_lums","0.334800"
 "132","36212","flipX","0.606100"
 "133","36212","flipY","0.754200"
 "134","36212","std_convolve_clamp_to_0","1.123900"
 "135","36212","std_convolve_clamp_to_border","1.063100"
 "136","36212","colorMasks","0.446300"
 "137","36212","encodeMessages","0.000100"
 "138","36212","decodeMessages","0.000000"
 "139","36212","grayscale_avg","0.307200"
 "140","36212","grayscale_lums","0.398100"
 "141","36212","flipX","0.603900"
 "142","36212","flipY","0.691200"
 "143","36212","std_convolve_clamp_to_0","1.293000"
 "144","36212","std_convolve_clamp_to_border","1.109600"
 "145","36212","colorMasks","0.418000"
 "146","36212","encodeMessages","0.000100"
 "147","36212","decodeMessages","0.000000"
 "148","36212","grayscale_avg","0.368100"
 "149","36212","grayscale_lums","0.348800"
 "150","36212","flipX","0.588600"
 "151","36212","flipY","0.718000"
 "152","36212","std_convolve_clamp_to_0","1.194900"
 "153","36212","std_convolve_clamp_to_border","1.124400"
 "154","36212","colorMasks","0.436600"
 "155","36212","encodeMessages","0.000100"
 "156","36212","decodeMessages","0.000000"
 "157","36212","grayscale_avg","0.358300"
 "158","36212","grayscale_lums","0.332200"
 "159","36212","flipX","0.638900"
 "160","36212","flipY","0.696700"
 "161","36212","std_convolve_clamp_to_0","1.502700"
 "162","36212","std_convolve_clamp_to_border","1.314400"
 "163","36212","colorMasks","0.844900"
 "164","36212","encodeMessages","0.000200"
 "165","36212","decodeMessages","0.000200"
 "166","36212","grayscale_avg","0.426300"
 "167","36212","grayscale_lums","0.325300"
 "168","36212","flipX","0.734400"
 "169","36212","flipY","0.732100"
 "170","36212","std_convolve_clamp_to_0","1.167600"
 "171","36212","std_convolve_clamp_to_border","1.102900"
 "172","36212","colorMasks","0.489900"
 "173","36212","encodeMessages","0.000200"
 "174","36212","decodeMessages","0.000100"
 "175","36212","grayscale_avg","0.345400"
 "176","36212","grayscale_lums","0.267100"
 "177","36212","flipX","0.639700"
 "178","36212","flipY","0.902000"
 "179","36212","std_convolve_clamp_to_0","1.221500"
 "180","36212","std_convolve_clamp_to_border","1.113600"
 "181","36212","colorMasks","0.468600"
 "182","36212","encodeMessages","0.000100"
 "183","36212","decodeMessages","0.000100"
 "184","36212","grayscale_avg","0.311000"
 "185","36212","grayscale_lums","0.363600"
 "186","36212","flipX","0.653200"
 "187","36212","flipY","0.661500"
 "188","36212","std_convolve_clamp_to_0","1.169200"
 "189","36212","std_convolve_clamp_to_border","1.059600"
 "190","36212","colorMasks","0.531300"
 "191","36212","encodeMessages","0.000100"
 "192","36212","decodeMessages","0.000100"
 "193","36212","grayscale_avg","0.581100"
 "194","36212","grayscale_lums","0.685400"
 "195","36212","flipX","1.122500"
 "196","36212","flipY","1.395400"
 "197","36212","std_convolve_clamp_to_0","2.109900"
 "198","36212","std_convolve_clamp_to_border","1.623600"
 "199","36212","colorMasks","0.543700"
 "200","36212","encodeMessages","0.000200"
 "201","36212","decodeMessages","0.000000"
 "202","36212","grayscale_avg","0.221600"
 "203","36212","grayscale_lums","0.245900"
 "204","36212","flipX","0.549500"
 "205","36212","flipY","0.555000"
 "206","36212","std_convolve_clamp_to_0","0.895700"
 "207","36212","std_convolve_clamp_to_border","0.708500"
 "208","36212","colorMasks","0.414300"
 "209","36212","encodeMessages","0.000100"
 "210","36212","decodeMessages","0.000300"
 "211","36212","grayscale_avg","0.294100"
 "212","36212","grayscale_lums","0.302500"
 "213","36212","flipX","0.559900"
 "214","36212","flipY","1.258200"
 "215","36212","std_convolve_clamp_to_0","1.805800"
 "216","36212","std_convolve_clamp_to_border","1.336000"
 "217","36212","colorMasks","0.781800"
 "218","36212","encodeMessages","0.000000"
 "219","36212","decodeMessages","0.000000"
 "220","36212","grayscale_avg","0.635600"
 "221","36212","grayscale_lums","0.530300"
 "222","36212","flipX","0.802400"
 "223","36212","flipY","1.535000"
 "224","36212","std_convolve_clamp_to_0","1.665200"
 "225","36212","std_convolve_clamp_to_border","1.188200"
 "226","36212","colorMasks","0.459500"
 "227","36212","encodeMessages","0.000100"
 "228","36212","decodeMessages","0.000000"
 "229","36212","grayscale_avg","0.630600"
 "230","36212","grayscale_lums","0.400200"
 "231","36212","flipX","0.729100"
 "232","36212","flipY","0.732200"
 "233","36212","std_convolve_clamp_to_0","1.261200"
 "234","36212","std_convolve_clamp_to_border","1.491600"
 "235","36212","colorMasks","0.742300"
 "236","36212","encodeMessages","0.000300"
 "237","36212","decodeMessages","0.000100"
 "238","36212","grayscale_avg","0.656400"
 "239","36212","grayscale_lums","0.367500"
 "240","36212","flipX","0.706900"
 "241","36212","flipY","0.791600"
 "242","36212","std_convolve_clamp_to_0","1.148300"
 "243","36212","std_convolve_clamp_to_border","1.277400"
 "244","36212","colorMasks","0.538000"
 "245","36212","encodeMessages","0.000500"
 "246","36212","decodeMessages","0.000000"
 "247","36212","grayscale_avg","0.550200"
 "248","36212","grayscale_lums","0.412800"
 "249","36212","flipX","0.722200"
 "250","36212","flipY","1.046200"
 "251","36212","std_convolve_clamp_to_0","1.430300"
 "252","36212","std_convolve_clamp_to_border","1.278300"
 "253","36212","colorMasks","0.526700"
 "254","36212","encodeMessages","0.000100"
 "255","36212","decodeMessages","0.000100"
 "256","36212","grayscale_avg","0.663900"
 "257","36212","grayscale_lums","0.383300"
 "258","36212","flipX","0.729900"
 "259","36212","flipY","0.657300"
 "260","36212","std_convolve_clamp_to_0","1.200100"
 "261","36212","std_convolve_clamp_to_border","1.389900"
 "262","36212","colorMasks","0.626500"
 "263","36212","encodeMessages","0.000100"
 "264","36212","decodeMessages","0.000100"
 "265","36212","grayscale_avg","0.654100"
 "266","36212","grayscale_lums","0.377500"
 "267","36212","flipX","0.703200"
 "268","36212","flipY","0.715000"
 "269","36212","std_convolve_clamp_to_0","1.165900"
 "270","36212","std_convolve_clamp_to_border","1.207400"
 "271","36212","colorMasks","0.558300"
 "272","36212","encodeMessages","0.000100"
 "273","36212","decodeMessages","0.000100"
 "274","36212","grayscale_avg","0.409500"
 "275","36212","grayscale_lums","0.441100"
 "276","36212","flipX","0.780500"
 "277","36212","flipY","0.671100"
 "278","36212","std_convolve_clamp_to_0","1.166000"
 "279","36212","std_convolve_clamp_to_border","1.436700"
 "280","36212","colorMasks","0.461400"
 "281","36212","encodeMessages","0.000100"
 "282","36212","decodeMessages","0.000000"
 "283","36212","grayscale_avg","0.324600"
 "284","36212","grayscale_lums","0.406800"
 "285","36212","flipX","0.720300"
 "286","36212","flipY","0.814300"
 "287","36212","std_convolve_clamp_to_0","1.175700"
 "288","36212","std_convolve_clamp_to_border","1.168800"
 "289","36212","colorMasks","0.482600"
 "290","36212","encodeMessages","0.000100"
 "291","36212","decodeMessages","0.000100"
 "292","36212","grayscale_avg","0.333900"
 "293","36212","grayscale_lums","0.344700"
 "294","36212","flipX","0.659200"
 "295","36212","flipY","0.681800"
 "296","36212","std_convolve_clamp_to_0","1.263400"
 "297","36212","std_convolve_clamp_to_border","1.747500"
 "298","36212","colorMasks","0.498800"
 "299","36212","encodeMessages","0.000100"
 "300","36212","decodeMessages","0.000100"
 "301","36212","grayscale_avg","0.393600"
 "302","36212","grayscale_lums","0.364000"
 "303","36212","flipX","0.679500"
 "304","36212","flipY","0.657200"
 "305","36212","std_convolve_clamp_to_0","1.137800"
 "306","36212","std_convolve_clamp_to_border","1.123400"
 "307","36212","colorMasks","0.602500"
 "308","36212","encodeMessages","0.000200"
 "309","36212","decodeMessages","0.000100"
 "310","36212","grayscale_avg","0.420600"
 "311","36212","grayscale_lums","0.346900"
 "312","36212","flipX","0.649000"
 "313","36212","flipY","0.696200"
 "314","36212","std_convolve_clamp_to_0","1.140300"
 "315","36212","std_convolve_clamp_to_border","1.105600"
 "316","36212","colorMasks","0.476800"
 "317","36212","encodeMessages","0.000100"
 "318","36212","decodeMessages","0.000100"
 "319","36212","grayscale_avg","0.362600"
 "320","36212","grayscale_lums","0.307500"
 "321","36212","flipX","0.638300"
 "322","36212","flipY","0.742300"
 "323","36212","std_convolve_clamp_to_0","1.195100"
 "324","36212","std_convolve_clamp_to_border","1.078000"
 "325","36212","colorMasks","0.452900"
 "326","36212","encodeMessages","0.000200"
 "327","36212","decodeMessages","0.000000"
 "328","36212","grayscale_avg","0.316600"
 "329","36212","grayscale_lums","0.341900"
 "330","36212","flipX","0.654600"
 "331","36212","flipY","0.842600"
 "332","36212","std_convolve_clamp_to_0","1.667800"
 "333","36212","std_convolve_clamp_to_border","1.681500"
 "334","36212","colorMasks","0.770100"
 "335","36212","encodeMessages","0.000000"
 "336","36212","decodeMessages","0.000000"
 "337","36212","grayscale_avg","0.443400"
 "338","36212","grayscale_lums","0.451000"
 "339","36212","flipX","1.010600"
 "340","36212","flipY","1.486600"
 "341","36212","std_convolve_clamp_to_0","1.978200"
 "342","36212","std_convolve_clamp_to_border","1.300900"
 "343","36212","colorMasks","0.513000"
 "344","36212","encodeMessages","0.000100"
 "345","36212","decodeMessages","0.000000"
 "346","36212","grayscale_avg","0.365200"
 "347","36212","grayscale_lums","0.353900"
 "348","36212","flipX","0.722000"
 "349","36212","flipY","0.817300"
 "350","36212","std_convolve_clamp_to_0","1.108600"
 "351","36212","std_convolve_clamp_to_border","1.178500"
 "352","36212","colorMasks","0.473700"
 "353","36212","encodeMessages","0.000200"
 "354","36212","decodeMessages","0.000000"
 "355","36212","grayscale_avg","0.335800"
 "356","36212","grayscale_lums","0.411100"
 "357","36212","flipX","0.720700"
 "358","36212","flipY","0.777500"
 "359","36212","std_convolve_clamp_to_0","1.255500"
 "360","36212","std_convolve_clamp_to_border","1.371300"
 "361","36212","colorMasks","0.773800"
 "362","36212","encodeMessages","0.000300"
 "363","36212","decodeMessages","0.000100"
 "364","36212","grayscale_avg","0.344700"
 "365","36212","grayscale_lums","0.369500"
 "366","36212","flipX","0.649100"
 "367","36212","flipY","0.753500"
 "368","36212","std_convolve_clamp_to_0","1.197300"
 "369","36212","std_convolve_clamp_to_border","1.170700"
 "370","36212","colorMasks","0.471100"
 "371","36212","encodeMessages","0.000100"
 "372","36212","decodeMessages","0.000100"
 "373","36212","grayscale_avg","0.392400"
 "374","36212","grayscale_lums","0.368400"
 "375","36212","flipX","0.665800"
 "376","36212","flipY","0.778200"
 "377","36212","std_convolve_clamp_to_0","1.177900"
 "378","36212","std_convolve_clamp_to_border","1.270500"
 "379","36212","colorMasks","0.446600"
 "380","36212","encodeMessages","0.000100"
 "381","36212","decodeMessages","0.000200"
 "382","36212","grayscale_avg","0.401500"
 "383","36212","grayscale_lums","0.366500"
 "384","36212","flipX","0.654700"
 "385","36212","flipY","0.739500"
 "386","36212","std_convolve_clamp_to_0","1.194900"
 "387","36212","std_convolve_clamp_to_border","1.371600"
 "388","36212","colorMasks","0.400900"
 "389","36212","encodeMessages","0.000200"
 "390","36212","decodeMessages","0.000100"
 "391","36212","grayscale_avg","0.305600"
 "392","36212","grayscale_lums","0.294500"
 "393","36212","flipX","0.738800"
 "394","36212","flipY","0.872900"
 "395","36212","std_convolve_clamp_to_0","1.651200"
 "396","36212","std_convolve_clamp_to_border","1.205500"
 "397","36212","colorMasks","0.525800"
 "398","36212","encodeMessages","0.000200"
 "399","36212","decodeMessages","0.000100"
 "400","36212","grayscale_avg","0.414900"
 "401","36212","grayscale_lums","0.403500"
 "402","36212","flipX","0.695000"
 "403","36212","flipY","0.822300"
 "404","36212","std_convolve_clamp_to_0","1.210300"
 "405","36212","std_convolve_clamp_to_border","1.200800"
 "406","36212","colorMasks","0.586000"
 "407","36212","encodeMessages","0.000100"
 "408","36212","decodeMessages","0.000200"
 "409","36212","grayscale_avg","0.321900"
 "410","36212","grayscale_lums","0.311900"
 "411","36212","flipX","0.728900"
 "412","36212","flipY","0.739600"
 "413","36212","std_convolve_clamp_to_0","1.244700"
 "414","36212","std_convolve_clamp_to_border","1.199700"
 "415","36212","colorMasks","0.587400"
 "416","36212","encodeMessages","0.000400"
 "417","36212","decodeMessages","0.000000"
 "418","36212","grayscale_avg","0.357900"
 "419","36212","grayscale_lums","0.289500"
 "420","36212","flipX","0.719600"
 "421","36212","flipY","0.792600"
 "422","36212","std_convolve_clamp_to_0","1.248100"
 "423","36212","std_convolve_clamp_to_border","1.163600"
 "424","36212","colorMasks","0.484300"
 "425","36212","encodeMessages","0.000200"
 "426","36212","decodeMessages","0.000100"
 "427","36212","grayscale_avg","0.427000"
 "428","36212","grayscale_lums","0.295800"
 "429","36212","flipX","0.857000"
 "430","36212","flipY","1.594500"
 "431","36212","std_convolve_clamp_to_0","1.656600"
 "432","36212","std_convolve_clamp_to_border","1.195000"
 "433","36212","colorMasks","0.717100"
 "434","36212","encodeMessages","0.000300"
 "435","36212","decodeMessages","0.000100"
 "436","36212","grayscale_avg","0.447900"
 "437","36212","grayscale_lums","0.370900"
 "438","36212","flipX","0.759100"
 "439","36212","flipY","0.767400"
 "440","36212","std_convolve_clamp_to_0","1.338700"
 "441","36212","std_convolve_clamp_to_border","1.093000"
 "442","36212","colorMasks","0.564100"
 "443","36212","encodeMessages","0.000000"
 "444","36212","decodeMessages","0.000200"
 "445","36212","grayscale_avg","0.483300"
 "446","36212","grayscale_lums","0.604500"
 "447","36212","flipX","0.998800"
 "448","36212","flipY","0.818400"
 "449","36212","std_convolve_clamp_to_0","1.249300"
 "450","36212","std_convolve_clamp_to_border","1.105600"
 "451","36212","colorMasks","0.432500"
 "452","36212","encodeMessages","0.000200"
 "453","36212","decodeMessages","0.000100"
 "1","36212","grayscale_avg","0.145600"
 "4","36212","grayscale_avg","0.191200"
 "5","36212","grayscale_lums","0.232800"
 "6","36212","flipX","0.501000"
 "7","36212","flipY","0.641000"
 "8","36212","std_convolve_clamp_to_0","0.924100"
 "9","36212","std_convolve_clamp_to_border","0.981700"
 "10","36212","colorMasks","0.413200"
 "11","36212","encodeMessages","0.000100"
 "12","36212","decodeMessages","0.000000"
 "13","36212","grayscale_avg","0.242600"
 "14","36212","grayscale_lums","0.260000"
 "15","36212","flipX","0.491700"
 "16","36212","flipY","0.634400"
 "17","36212","std_convolve_clamp_to_0","0.888000"
 "18","36212","std_convolve_clamp_to_border","0.935200"
 "19","36212","colorMasks","0.403200"
 "20","36212","encodeMessages","0.000200"
 "21","36212","decodeMessages","0.000000"
 "22","36212","grayscale_avg","0.260100"
 "23","36212","grayscale_lums","0.243800"
 "24","36212","flipX","0.554100"
 "25","36212","flipY","0.608200"
 "26","36212","std_convolve_clamp_to_0","1.009000"
 "27","36212","std_convolve_clamp_to_border","0.935000"
 "28","36212","colorMasks","0.376900"
 "29","36212","encodeMessages","0.000200"
 "30","36212","decodeMessages","0.000000"
 "31","36212","grayscale_avg","0.273200"
 "32","36212","grayscale_lums","0.341200"
 "33","36212","flipX","0.481300"
 "34","36212","flipY","0.575900"
 "35","36212","std_convolve_clamp_to_0","0.971400"
 "36","36212","std_convolve_clamp_to_border","0.973500"
 "37","36212","colorMasks","0.379300"
 "38","36212","encodeMessages","0.000100"
 "39","36212","decodeMessages","0.000000"
 "40","36212","grayscale_avg","0.250100"
 "41","36212","grayscale_lums","0.269700"
 "42","36212","flipX","0.547100"
 "43","36212","flipY","0.588100"
 "44","36212","std_convolve_clamp_to_0","1.062600"
 "45","36212","std_convolve_clamp_to_border","0.915900"
 "46","36212","colorMasks","0.352600"
 "47","36212","encodeMessages","0.000200"
 "48","36212","decodeMessages","0.000100"
 "49","36212","grayscale_avg","0.307000"
 "50","36212","grayscale_lums","0.247700"
 "51","36212","flipX","0.482400"
 "52","36212","flipY","0.545000"
 "53","36212","std_convolve_clamp_to_0","0.993000"
 "54","36212","std_convolve_clamp_to_border","1.488900"
 "55","36212","colorMasks","0.981700"
 "56","36212","encodeMessages","0.000300"
 "57","36212","decodeMessages","0.000300"
 "58","36212","grayscale_avg","0.538300"
 "59","36212","grayscale_lums","0.419200"
 "60","36212","flipX","0.654300"
 "61","36212","flipY","0.731500"
 "62","36212","std_convolve_clamp_to_0","1.235400"
 "63","36212","std_convolve_clamp_to_border","1.191100"
 "64","36212","colorMasks","0.421800"
 "65","36212","encodeMessages","0.000100"
 "66","36212","decodeMessages","0.000000"
 "67","36212","grayscale_avg","0.338200"
 "68","36212","grayscale_lums","0.293000"
 "69","36212","flipX","0.805800"
 "70","36212","flipY","0.658800"
 "71","36212","std_convolve_clamp_to_0","1.160200"
 "72","36212","std_convolve_clamp_to_border","1.310100"
 "73","36212","colorMasks","0.447500"
 "74","36212","encodeMessages","0.000100"
 "75","36212","decodeMessages","0.000200"
 "76","36212","grayscale_avg","0.289600"
 "77","36212","grayscale_lums","0.318000"
 "78","36212","flipX","0.542800"
 "79","36212","flipY","0.673100"
 "80","36212","std_convolve_clamp_to_0","1.141900"
 "81","36212","std_convolve_clamp_to_border","1.038500"
 "82","36212","colorMasks","0.466100"
 "83","36212","encodeMessages","0.000100"
 "84","36212","decodeMessages","0.000200"
 "85","36212","grayscale_avg","0.290300"
 "86","36212","grayscale_lums","0.268200"
 "87","36212","flipX","0.613700"
 "88","36212","flipY","0.624600"
 "89","36212","std_convolve_clamp_to_0","1.134100"
 "90","36212","std_convolve_clamp_to_border","1.426800"
 "91","36212","colorMasks","0.526500"
 "92","36212","encodeMessages","0.000200"
 "93","36212","decodeMessages","0.000200"
 "94","36212","grayscale_avg","0.389100"
 "95","36212","grayscale_lums","0.341500"
 "96","36212","flipX","0.615100"
 "97","36212","flipY","0.659400"
 "98","36212","std_convolve_clamp_to_0","1.152900"
 "99","36212","std_convolve_clamp_to_border","1.170500"
 "100","36212","colorMasks","0.470900"
 "101","36212","encodeMessages","0.000200"
 "102","36212","decodeMessages","0.000000"
 "103","36212","grayscale_avg","0.364400"
 "104","36212","grayscale_lums","0.378400"
 "105","36212","flipX","0.581800"
 "106","36212","flipY","0.564400"
 "107","36212","std_convolve_clamp_to_0","1.178500"
 "108","36212","std_convolve_clamp_to_border","1.160000"
 "109","36212","colorMasks","0.499300"
 "110","36212","encodeMessages","0.000200"
 "111","36212","decodeMessages","0.000100"
 "112","36212","grayscale_avg","0.395200"
 "113","36212","grayscale_lums","0.344100"
 "114","36212","flipX","0.542600"
 "115","36212","flipY","0.645600"
 "116","36212","std_convolve_clamp_to_0","1.140900"
 "117","36212","std_convolve_clamp_to_border","1.193700"
 "118","36212","colorMasks","0.496200"
 "119","36212","encodeMessages","0.000100"
 "120","36212","decodeMessages","0.000000"
 "121","36212","grayscale_avg","0.335300"
 "122","36212","grayscale_lums","0.361600"
 "123","36212","flipX","0.601700"
 "124","36212","flipY","0.676400"
 "125","36212","std_convolve_clamp_to_0","1.522100"
 "126","36212","std_convolve_clamp_to_border","1.209700"
 "127","36212","colorMasks","0.481600"
 "128","36212","encodeMessages","0.000100"
 "129","36212","decodeMessages","0.000100"
 "130","36212","grayscale_avg","0.338900"
 "131","36212","grayscale_lums","0.352800"
 "132","36212","flipX","0.619400"
 "133","36212","flipY","0.655300"
 "134","36212","std_convolve_clamp_to_0","1.185800"
 "135","36212","std_convolve_clamp_to_border","1.214100"
 "136","36212","colorMasks","0.439500"
 "137","36212","encodeMessages","0.000200"
 "138","36212","decodeMessages","0.000100"
 "139","36212","grayscale_avg","0.342100"
 "140","36212","grayscale_lums","0.403300"
 "141","36212","flipX","0.587900"
 "142","36212","flipY","0.666200"
 "143","36212","std_convolve_clamp_to_0","1.159200"
 "144","36212","std_convolve_clamp_to_border","1.117400"
 "145","36212","colorMasks","0.493200"
 "146","36212","encodeMessages","0.000100"
 "147","36212","decodeMessages","0.000000"
 "148","36212","grayscale_avg","0.339400"
 "149","36212","grayscale_lums","0.325800"
 "150","36212","flipX","0.602300"
 "151","36212","flipY","0.646600"
 "152","36212","std_convolve_clamp_to_0","1.098000"
 "153","36212","std_convolve_clamp_to_border","1.198100"
 "154","36212","colorMasks","0.492500"
 "155","36212","encodeMessages","0.000100"
 "156","36212","decodeMessages","0.000000"
 "157","36212","grayscale_avg","0.531900"
 "158","36212","grayscale_lums","0.418700"
 "159","36212","flipX","0.676700"
 "160","36212","flipY","0.697900"
 "161","36212","std_convolve_clamp_to_0","1.954300"
 "162","36212","std_convolve_clamp_to_border","1.233000"
 "163","36212","colorMasks","0.501900"
 "164","36212","encodeMessages","0.000100"
 "165","36212","decodeMessages","0.000000"
 "166","36212","grayscale_avg","0.351400"
 "167","36212","grayscale_lums","0.359100"
 "168","36212","flipX","0.628000"
 "169","36212","flipY","0.676900"
 "170","36212","std_convolve_clamp_to_0","1.208400"
 "171","36212","std_convolve_clamp_to_border","1.229600"
 "172","36212","colorMasks","0.592300"
 "173","36212","encodeMessages","0.000000"
 "174","36212","decodeMessages","0.000000"
 "175","36212","grayscale_avg","0.374200"
 "176","36212","grayscale_lums","0.338100"
 "177","36212","flipX","0.626500"
 "178","36212","flipY","0.648500"
 "179","36212","std_convolve_clamp_to_0","1.166300"
 "180","36212","std_convolve_clamp_to_border","1.152400"
 "181","36212","colorMasks","0.426800"
 "182","36212","encodeMessages","0.000000"
 "183","36212","decodeMessages","0.000000"
 "184","36212","grayscale_avg","0.343900"
 "185","36212","grayscale_lums","0.364200"
 "186","36212","flipX","0.601900"
 "187","36212","flipY","0.629000"
 "188","36212","std_convolve_clamp_to_0","1.394200"
 "189","36212","std_convolve_clamp_to_border","2.143800"
 "190","36212","colorMasks","0.812200"
 "191","36212","encodeMessages","0.000300"
 "192","36212","decodeMessages","0.000000"
 "193","36212","grayscale_avg","0.617000"
 "194","36212","grayscale_lums","0.707100"
 "195","36212","flipX","0.937900"
 "196","36212","flipY","1.043100"
 "197","36212","std_convolve_clamp_to_0","1.686400"
 "198","36212","std_convolve_clamp_to_border","1.189300"
 "199","36212","colorMasks","0.426700"
 "200","36212","encodeMessages","0.000100"
 "201","36212","decodeMessages","0.000100"
 "202","36212","grayscale_avg","0.302000"
 "203","36212","grayscale_lums","0.174700"
 "204","36212","flipX","0.457300"
 "205","36212","flipY","0.416000"
 "206","36212","std_convolve_clamp_to_0","0.836300"
 "207","36212","std_convolve_clamp_to_border","0.961900"
 "208","36212","colorMasks","0.414600"
 "209","36212","encodeMessages","0.000000"
 "210","36212","decodeMessages","0.000100"
 "211","36212","grayscale_avg","0.262200"
 "212","36212","grayscale_lums","0.297100"
 "213","36212","flipX","0.523200"
 "214","36212","flipY","1.212900"
 "215","36212","std_convolve_clamp_to_0","1.764000"
 "216","36212","std_convolve_clamp_to_border","1.357500"
 "217","36212","colorMasks","0.723600"
 "218","36212","encodeMessages","0.000200"
 "219","36212","decodeMessages","0.000100"
 "220","36212","grayscale_avg","0.624500"
 "221","36212","grayscale_lums","0.514700"
 "222","36212","flipX","0.786700"
 "223","36212","flipY","1.465300"
 "224","36212","std_convolve_clamp_to_0","1.807400"
 "225","36212","std_convolve_clamp_to_border","1.185800"
 "226","36212","colorMasks","0.463600"
 "227","36212","encodeMessages","0.000000"
 "228","36212","decodeMessages","0.000100"
 "229","36212","grayscale_avg","0.623900"
 "230","36212","grayscale_lums","0.417000"
 "231","36212","flipX","0.727400"
 "232","36212","flipY","0.767100"
 "233","36212","std_convolve_clamp_to_0","1.290800"
 "234","36212","std_convolve_clamp_to_border","1.475400"
 "235","36212","colorMasks","0.655900"
 "236","36212","encodeMessages","0.000200"
 "237","36212","decodeMessages","0.000100"
 "238","36212","grayscale_avg","0.557500"
 "239","36212","grayscale_lums","0.578700"
 "240","36212","flipX","0.634100"
 "241","36212","flipY","0.792400"
 "242","36212","std_convolve_clamp_to_0","1.155200"
 "243","36212","std_convolve_clamp_to_border","1.294900"
 "244","36212","colorMasks","0.470300"
 "245","36212","encodeMessages","0.000000"
 "246","36212","decodeMessages","0.000000"
 "247","36212","grayscale_avg","0.332200"
 "248","36212","grayscale_lums","0.376000"
 "249","36212","flipX","0.961900"
 "250","36212","flipY","0.804800"
 "251","36212","std_convolve_clamp_to_0","1.521800"
 "252","36212","std_convolve_clamp_to_border","1.350100"
 "253","36212","colorMasks","0.525100"
 "254","36212","encodeMessages","0.000200"
 "255","36212","decodeMessages","0.000100"
 "256","36212","grayscale_avg","0.363700"
 "257","36212","grayscale_lums","0.334300"
 "258","36212","flipX","1.021500"
 "259","36212","flipY","0.721900"
 "260","36212","std_convolve_clamp_to_0","1.161200"
 "261","36212","std_convolve_clamp_to_border","1.282800"
 "262","36212","colorMasks","0.506800"
 "263","36212","encodeMessages","0.000100"
 "264","36212","decodeMessages","0.000000"
 "265","36212","grayscale_avg","0.489500"
 "266","36212","grayscale_lums","0.449700"
 "267","36212","flipX","0.961800"
 "268","36212","flipY","0.886700"
 "269","36212","std_convolve_clamp_to_0","1.193900"
 "270","36212","std_convolve_clamp_to_border","1.245900"
 "271","36212","colorMasks","0.501100"
 "272","36212","encodeMessages","0.000100"
 "273","36212","decodeMessages","0.000000"
 "274","36212","grayscale_avg","0.384900"
 "275","36212","grayscale_lums","0.307400"
 "276","36212","flipX","0.722400"
 "277","36212","flipY","0.897400"
 "278","36212","std_convolve_clamp_to_0","1.212200"
 "279","36212","std_convolve_clamp_to_border","1.247200"
 "280","36212","colorMasks","0.607300"
 "281","36212","encodeMessages","0.000200"
 "282","36212","decodeMessages","0.000000"
 "283","36212","grayscale_avg","0.375700"
 "284","36212","grayscale_lums","0.387300"
 "285","36212","flipX","0.599800"
 "286","36212","flipY","0.788800"
 "287","36212","std_convolve_clamp_to_0","1.374700"
 "288","36212","std_convolve_clamp_to_border","1.164700"
 "289","36212","colorMasks","0.469400"
 "290","36212","encodeMessages","0.000100"
 "291","36212","decodeMessages","0.000000"
 "292","36212","grayscale_avg","0.361100"
 "293","36212","grayscale_lums","0.356500"
 "294","36212","flipX","0.603100"
 "295","36212","flipY","0.693600"
 "296","36212","std_convolve_clamp_to_0","1.161500"
 "297","36212","std_convolve_clamp_to_border","1.317100"
 "298","36212","colorMasks","0.823900"
 "299","36212","encodeMessages","0.000100"
 "300","36212","decodeMessages","0.000000"
 "301","36212","grayscale_avg","0.502200"
 "302","36212","grayscale_lums","0.360800"
 "303","36212","flipX","0.686000"
 "304","36212","flipY","0.716700"
 "305","36212","std_convolve_clamp_to_0","1.228100"
 "306","36212","std_convolve_clamp_to_border","1.097500"
 "307","36212","colorMasks","0.470400"
 "308","36212","encodeMessages","0.000200"
 "309","36212","decodeMessages","0.000000"
 "310","36212","grayscale_avg","0.336800"
 "311","36212","grayscale_lums","0.371400"
 "312","36212","flipX","0.797800"
 "313","36212","flipY","0.756400"
 "314","36212","std_convolve_clamp_to_0","1.203900"
 "315","36212","std_convolve_clamp_to_border","1.233400"
 "316","36212","colorMasks","0.450900"
 "317","36212","encodeMessages","0.000200"
 "318","36212","decodeMessages","0.000000"
 "319","36212","grayscale_avg","0.363200"
 "320","36212","grayscale_lums","0.368800"
 "321","36212","flipX","0.633300"
 "322","36212","flipY","0.685900"
 "323","36212","std_convolve_clamp_to_0","1.173400"
 "324","36212","std_convolve_clamp_to_border","1.234100"
 "325","36212","colorMasks","0.473400"
 "326","36212","encodeMessages","0.000200"
 "327","36212","decodeMessages","0.000100"
 "328","36212","grayscale_avg","0.340800"
 "329","36212","grayscale_lums","0.338200"
 "330","36212","flipX","0.616000"
 "331","36212","flipY","0.696700"
 "332","36212","std_convolve_clamp_to_0","1.414300"
 "333","36212","std_convolve_clamp_to_border","1.788800"
 "334","36212","colorMasks","0.764500"
 "335","36212","encodeMessages","0.000300"
 "336","36212","decodeMessages","0.000000"
 "337","36212","grayscale_avg","0.587800"
 "338","36212","grayscale_lums","0.398700"
 "339","36212","flipX","0.856500"
 "340","36212","flipY","1.429900"
 "341","36212","std_convolve_clamp_to_0","2.045600"
 "342","36212","std_convolve_clamp_to_border","1.652900"
 "343","36212","colorMasks","0.464200"
 "344","36212","encodeMessages","0.000100"
 "345","36212","decodeMessages","0.000000"
 "346","36212","grayscale_avg","0.384600"
 "347","36212","grayscale_lums","0.382300"
 "348","36212","flipX","0.662000"
 "349","36212","flipY","0.834200"
 "350","36212","std_convolve_clamp_to_0","1.284000"
 "351","36212","std_convolve_clamp_to_border","1.179300"
 "352","36212","colorMasks","0.510700"
 "353","36212","encodeMessages","0.000100"
 "354","36212","decodeMessages","0.000000"
 "355","36212","grayscale_avg","0.317600"
 "356","36212","grayscale_lums","0.301100"
 "357","36212","flipX","0.741200"
 "358","36212","flipY","0.740900"
 "359","36212","std_convolve_clamp_to_0","1.267100"
 "360","36212","std_convolve_clamp_to_border","1.277400"
 "361","36212","colorMasks","0.642000"
 "362","36212","encodeMessages","0.000300"
 "363","36212","decodeMessages","0.000200"
 "364","36212","grayscale_avg","0.556300"
 "365","36212","grayscale_lums","0.440800"
 "366","36212","flipX","0.722200"
 "367","36212","flipY","0.750900"
 "368","36212","std_convolve_clamp_to_0","1.209200"
 "369","36212","std_convolve_clamp_to_border","1.194800"
 "370","36212","colorMasks","0.527500"
 "371","36212","encodeMessages","0.000200"
 "372","36212","decodeMessages","0.000000"
 "373","36212","grayscale_avg","0.334500"
 "374","36212","grayscale_lums","0.460200"
 "375","36212","flipX","0.669400"
 "376","36212","flipY","0.751400"
 "377","36212","std_convolve_clamp_to_0","1.258500"
 "378","36212","std_convolve_clamp_to_border","1.263300"
 "379","36212","colorMasks","0.518200"
 "380","36212","encodeMessages","0.000000"
 "381","36212","decodeMessages","0.000100"
 "382","36212","grayscale_avg","0.385800"
 "383","36212","grayscale_lums","0.375200"
 "384","36212","flipX","0.649900"
 "385","36212","flipY","0.739400"
 "386","36212","std_convolve_clamp_to_0","1.212500"
 "387","36212","std_convolve_clamp_to_border","1.282900"
 "388","36212","colorMasks","0.559200"
 "389","36212","encodeMessages","0.000000"
 "390","36212","decodeMessages","0.000100"
 "391","36212","grayscale_avg","0.289100"
 "392","36212","grayscale_lums","0.326600"
 "393","36212","flipX","0.614300"
 "394","36212","flipY","0.856100"
 "395","36212","std_convolve_clamp_to_0","1.662600"
 "396","36212","std_convolve_clamp_to_border","1.364700"
 "397","36212","colorMasks","0.494600"
 "398","36212","encodeMessages","0.000600"
 "399","36212","decodeMessages","0.000000"
 "400","36212","grayscale_avg","0.353500"
 "401","36212","grayscale_lums","0.350700"
 "402","36212","flipX","0.684900"
 "403","36212","flipY","0.763500"
 "404","36212","std_convolve_clamp_to_0","1.173000"
 "405","36212","std_convolve_clamp_to_border","1.264700"
 "406","36212","colorMasks","0.441800"
 "407","36212","encodeMessages","0.000200"
 "408","36212","decodeMessages","0.000000"
 "409","36212","grayscale_avg","0.437700"
 "410","36212","grayscale_lums","0.310900"
 "411","36212","flipX","0.616500"
 "412","36212","flipY","0.774600"
 "413","36212","std_convolve_clamp_to_0","1.218000"
 "414","36212","std_convolve_clamp_to_border","1.335000"
 "415","36212","colorMasks","0.406500"
 "416","36212","encodeMessages","0.000200"
 "417","36212","decodeMessages","0.000000"
 "418","36212","grayscale_avg","0.413000"
 "419","36212","grayscale_lums","0.404700"
 "420","36212","flipX","0.578600"
 "421","36212","flipY","0.767700"
 "422","36212","std_convolve_clamp_to_0","1.253200"
 "423","36212","std_convolve_clamp_to_border","1.326400"
 "424","36212","colorMasks","0.502100"
 "425","36212","encodeMessages","0.000000"
 "426","36212","decodeMessages","0.000100"
 "427","36212","grayscale_avg","0.302100"
 "428","36212","grayscale_lums","0.369300"
 "429","36212","flipX","0.678600"
 "430","36212","flipY","1.288500"
 "431","36212","std_convolve_clamp_to_0","2.115700"
 "432","36212","std_convolve_clamp_to_border","1.278500"
 "433","36212","colorMasks","0.566700"
 "434","36212","encodeMessages","0.000000"
 "435","36212","decodeMessages","0.000000"
 "436","36212","grayscale_avg","0.455800"
 "437","36212","grayscale_lums","0.474800"
 "438","36212","flipX","0.786900"
 "439","36212","flipY","0.779200"
 "440","36212","std_convolve_clamp_to_0","1.219800"
 "441","36212","std_convolve_clamp_to_border","1.298700"
 "442","36212","colorMasks","0.498000"
 "443","36212","encodeMessages","0.000200"
 "444","36212","decodeMessages","0.000000"
 "445","36212","grayscale_avg","0.388500"
 "446","36212","grayscale_lums","0.588100"
 "447","36212","flipX","0.955000"
 "448","36212","flipY","0.836600"
 "449","36212","std_convolve_clamp_to_0","1.330000"
 "450","36212","std_convolve_clamp_to_border","1.195600"
 "451","36212","colorMasks","0.412000"
 "452","36212","encodeMessages","0.000100"
 "453","36212","decodeMessages","0.000100"
 "1","36212","grayscale_avg","0.136900"
 "4","36212","grayscale_avg","0.272700"
 "5","36212","grayscale_lums","0.261800"
 "6","36212","flipX","0.531500"
 "7","36212","flipY","0.612300"
 "8","36212","std_convolve_clamp_to_0","0.874700"
 "9","36212","std_convolve_clamp_to_border","1.055200"
 "10","36212","colorMasks","0.348000"
 "11","36212","encodeMessages","0.000000"
 "12","36212","decodeMessages","0.000100"
 "13","36212","grayscale_avg","0.223200"
 "14","36212","grayscale_lums","0.272200"
 "15","36212","flipX","0.588800"
 "16","36212","flipY","0.668300"
 "17","36212","std_convolve_clamp_to_0","0.930100"
 "18","36212","std_convolve_clamp_to_border","0.948600"
 "19","36212","colorMasks","0.379100"
 "20","36212","encodeMessages","0.000000"
 "21","36212","decodeMessages","0.000000"
 "22","36212","grayscale_avg","0.313300"
 "23","36212","grayscale_lums","0.270300"
 "24","36212","flipX","0.485800"
 "25","36212","flipY","0.582600"
 "26","36212","std_convolve_clamp_to_0","0.991400"
 "27","36212","std_convolve_clamp_to_border","0.960100"
 "28","36212","colorMasks","0.466100"
 "29","36212","encodeMessages","0.000200"
 "30","36212","decodeMessages","0.000000"
 "31","36212","grayscale_avg","0.214500"
 "32","36212","grayscale_lums","0.274900"
 "33","36212","flipX","0.469100"
 "34","36212","flipY","0.487300"
 "35","36212","std_convolve_clamp_to_0","0.967900"
 "36","36212","std_convolve_clamp_to_border","1.023900"
 "37","36212","colorMasks","0.371200"
 "38","36212","encodeMessages","0.000100"
 "39","36212","decodeMessages","0.000000"
 "40","36212","grayscale_avg","0.272600"
 "41","36212","grayscale_lums","0.253800"
 "42","36212","flipX","0.561300"
 "43","36212","flipY","0.540200"
 "44","36212","std_convolve_clamp_to_0","0.971600"
 "45","36212","std_convolve_clamp_to_border","1.012000"
 "46","36212","colorMasks","0.478100"
 "47","36212","encodeMessages","0.000400"
 "48","36212","decodeMessages","0.000100"
 "49","36212","grayscale_avg","0.248700"
 "50","36212","grayscale_lums","0.257300"
 "51","36212","flipX","0.474700"
 "52","36212","flipY","0.614700"
 "53","36212","std_convolve_clamp_to_0","0.954200"
 "54","36212","std_convolve_clamp_to_border","0.943400"
 "55","36212","colorMasks","0.426500"
 "56","36212","encodeMessages","0.000000"
 "57","36212","decodeMessages","0.000200"
 "58","36212","grayscale_avg","0.316400"
 "59","36212","grayscale_lums","0.324100"
 "60","36212","flipX","1.076600"
 "61","36212","flipY","1.486900"
 "62","36212","std_convolve_clamp_to_0","1.328700"
 "63","36212","std_convolve_clamp_to_border","1.124600"
 "64","36212","colorMasks","0.456300"
 "65","36212","encodeMessages","0.000000"
 "66","36212","decodeMessages","0.000100"
 "67","36212","grayscale_avg","0.344700"
 "68","36212","grayscale_lums","0.334300"
 "69","36212","flipX","0.596200"
 "70","36212","flipY","0.644800"
 "71","36212","std_convolve_clamp_to_0","1.350000"
 "72","36212","std_convolve_clamp_to_border","1.108300"
 "73","36212","colorMasks","0.477600"
 "74","36212","encodeMessages","0.000100"
 "75","36212","decodeMessages","0.000100"
 "76","36212","grayscale_avg","0.406900"
 "77","36212","grayscale_lums","0.297000"
 "78","36212","flipX","0.644500"
 "79","36212","flipY","0.646500"
 "80","36212","std_convolve_clamp_to_0","1.139200"
 "81","36212","std_convolve_clamp_to_border","1.111200"
 "82","36212","colorMasks","0.438700"
 "83","36212","encodeMessages","0.000200"
 "84","36212","decodeMessages","0.000200"
 "85","36212","grayscale_avg","0.307700"
 "86","36212","grayscale_lums","0.340800"
 "87","36212","flipX","0.544600"
 "88","36212","flipY","0.723800"
 "89","36212","std_convolve_clamp_to_0","1.116800"
 "90","36212","std_convolve_clamp_to_border","1.100100"
 "91","36212","colorMasks","0.429700"
 "92","36212","encodeMessages","0.000000"
 "93","36212","decodeMessages","0.000100"
 "94","36212","grayscale_avg","0.309700"
 "95","36212","grayscale_lums","0.466700"
 "96","36212","flipX","0.717200"
 "97","36212","flipY","0.803800"
 "98","36212","std_convolve_clamp_to_0","1.135700"
 "99","36212","std_convolve_clamp_to_border","1.113900"
 "100","36212","colorMasks","0.461700"
 "101","36212","encodeMessages","0.000100"
 "102","36212","decodeMessages","0.000000"
 "103","36212","grayscale_avg","0.336600"
 "104","36212","grayscale_lums","0.341900"
 "105","36212","flipX","0.488100"
 "106","36212","flipY","0.627700"
 "107","36212","std_convolve_clamp_to_0","1.348500"
 "108","36212","std_convolve_clamp_to_border","1.034100"
 "109","36212","colorMasks","0.443800"
 "110","36212","encodeMessages","0.000100"
 "111","36212","decodeMessages","0.000000"
 "112","36212","grayscale_avg","0.349100"
 "113","36212","grayscale_lums","0.351900"
 "114","36212","flipX","0.566800"
 "115","36212","flipY","0.717100"
 "116","36212","std_convolve_clamp_to_0","1.228700"
 "117","36212","std_convolve_clamp_to_border","1.097300"
 "118","36212","colorMasks","0.464300"
 "119","36212","encodeMessages","0.000000"
 "120","36212","decodeMessages","0.000100"
 "121","36212","grayscale_avg","0.318100"
 "122","36212","grayscale_lums","0.302000"
 "123","36212","flipX","0.687800"
 "124","36212","flipY","0.695400"
 "125","36212","std_convolve_clamp_to_0","1.191000"
 "126","36212","std_convolve_clamp_to_border","1.251600"
 "127","36212","colorMasks","0.612400"
 "128","36212","encodeMessages","0.000300"
 "129","36212","decodeMessages","0.000100"
 "130","36212","grayscale_avg","0.416100"
 "131","36212","grayscale_lums","0.322900"
 "132","36212","flipX","0.597500"
 "133","36212","flipY","0.753700"
 "134","36212","std_convolve_clamp_to_0","1.140400"
 "135","36212","std_convolve_clamp_to_border","1.061200"
 "136","36212","colorMasks","0.443100"
 "137","36212","encodeMessages","0.000100"
 "138","36212","decodeMessages","0.000000"
 "139","36212","grayscale_avg","0.329500"
 "140","36212","grayscale_lums","0.404700"
 "141","36212","flipX","0.580000"
 "142","36212","flipY","0.681200"
 "143","36212","std_convolve_clamp_to_0","1.235400"
 "144","36212","std_convolve_clamp_to_border","1.092700"
 "145","36212","colorMasks","0.438300"
 "146","36212","encodeMessages","0.000300"
 "147","36212","decodeMessages","0.000000"
 "148","36212","grayscale_avg","0.386500"
 "149","36212","grayscale_lums","0.323900"
 "150","36212","flipX","0.591100"
 "151","36212","flipY","0.752700"
 "152","36212","std_convolve_clamp_to_0","1.139500"
 "153","36212","std_convolve_clamp_to_border","1.097200"
 "154","36212","colorMasks","0.429600"
 "155","36212","encodeMessages","0.000100"
 "156","36212","decodeMessages","0.000000"
 "157","36212","grayscale_avg","0.379200"
 "158","36212","grayscale_lums","0.323400"
 "159","36212","flipX","0.586500"
 "160","36212","flipY","0.703800"
 "161","36212","std_convolve_clamp_to_0","1.402100"
 "162","36212","std_convolve_clamp_to_border","1.300700"
 "163","36212","colorMasks","0.874100"
 "164","36212","encodeMessages","0.000200"
 "165","36212","decodeMessages","0.000100"
 "166","36212","grayscale_avg","0.474000"
 "167","36212","grayscale_lums","0.333900"
 "168","36212","flipX","0.700300"
 "169","36212","flipY","0.678400"
 "170","36212","std_convolve_clamp_to_0","1.174700"
 "171","36212","std_convolve_clamp_to_border","1.162100"
 "172","36212","colorMasks","0.363900"
 "173","36212","encodeMessages","0.000200"
 "174","36212","decodeMessages","0.000100"
 "175","36212","grayscale_avg","0.347400"
 "176","36212","grayscale_lums","0.315300"
 "177","36212","flipX","0.560000"
 "178","36212","flipY","0.799200"
 "179","36212","std_convolve_clamp_to_0","1.305100"
 "180","36212","std_convolve_clamp_to_border","1.074100"
 "181","36212","colorMasks","0.442900"
 "182","36212","encodeMessages","0.000200"
 "183","36212","decodeMessages","0.000000"
 "184","36212","grayscale_avg","0.329300"
 "185","36212","grayscale_lums","0.351400"
 "186","36212","flipX","0.630100"
 "187","36212","flipY","0.731200"
 "188","36212","std_convolve_clamp_to_0","1.141400"
 "189","36212","std_convolve_clamp_to_border","1.079500"
 "190","36212","colorMasks","0.475100"
 "191","36212","encodeMessages","0.000100"
 "192","36212","decodeMessages","0.000000"
 "193","36212","grayscale_avg","0.449300"
 "194","36212","grayscale_lums","0.591400"
 "195","36212","flipX","1.277900"
 "196","36212","flipY","1.323600"
 "197","36212","std_convolve_clamp_to_0","2.262400"
 "198","36212","std_convolve_clamp_to_border","1.698800"
 "199","36212","colorMasks","0.585300"
 "200","36212","encodeMessages","0.000100"
 "201","36212","decodeMessages","0.000100"
 "202","36212","grayscale_avg","0.211400"
 "203","36212","grayscale_lums","0.255400"
 "204","36212","flipX","0.380800"
 "205","36212","flipY","0.380800"
 "206","36212","std_convolve_clamp_to_0","0.715900"
 "207","36212","std_convolve_clamp_to_border","0.808300"
 "208","36212","colorMasks","0.277100"
 "209","36212","encodeMessages","0.000100"
 "210","36212","decodeMessages","0.000000"
 "211","36212","grayscale_avg","0.329500"
 "212","36212","grayscale_lums","0.227300"
 "213","36212","flipX","0.493300"
 "214","36212","flipY","0.485400"
 "215","36212","std_convolve_clamp_to_0","0.695900"
 "216","36212","std_convolve_clamp_to_border","0.770600"
 "217","36212","colorMasks","0.342000"
 "218","36212","encodeMessages","0.000000"
 "219","36212","decodeMessages","0.000000"
 "220","36212","grayscale_avg","0.279300"
 "221","36212","grayscale_lums","0.265700"
 "222","36212","flipX","0.517900"
 "223","36212","flipY","1.259900"
 "224","36212","std_convolve_clamp_to_0","1.780800"
 "225","36212","std_convolve_clamp_to_border","1.283500"
 "226","36212","colorMasks","0.722400"
 "227","36212","encodeMessages","0.000300"
 "228","36212","decodeMessages","0.000000"
 "229","36212","grayscale_avg","0.598300"
 "230","36212","grayscale_lums","0.566300"
 "231","36212","flipX","0.829500"
 "232","36212","flipY","1.470500"
 "233","36212","std_convolve_clamp_to_0","1.777300"
 "234","36212","std_convolve_clamp_to_border","1.244200"
 "235","36212","colorMasks","0.454200"
 "236","36212","encodeMessages","0.000100"
 "237","36212","decodeMessages","0.000000"
 "238","36212","grayscale_avg","0.601000"
 "239","36212","grayscale_lums","0.393300"
 "240","36212","flipX","0.715900"
 "241","36212","flipY","0.764100"
 "242","36212","std_convolve_clamp_to_0","1.275100"
 "243","36212","std_convolve_clamp_to_border","1.490300"
 "244","36212","colorMasks","0.770900"
 "245","36212","encodeMessages","0.000200"
 "246","36212","decodeMessages","0.000000"
 "247","36212","grayscale_avg","0.609900"
 "248","36212","grayscale_lums","0.448000"
 "249","36212","flipX","0.703800"
 "250","36212","flipY","0.756400"
 "251","36212","std_convolve_clamp_to_0","1.048500"
 "252","36212","std_convolve_clamp_to_border","1.275400"
 "253","36212","colorMasks","0.551700"
 "254","36212","encodeMessages","0.000000"
 "255","36212","decodeMessages","0.000000"
 "256","36212","grayscale_avg","0.631600"
 "257","36212","grayscale_lums","0.433600"
 "258","36212","flipX","0.681800"
 "259","36212","flipY","0.941200"
 "260","36212","std_convolve_clamp_to_0","1.382500"
 "261","36212","std_convolve_clamp_to_border","1.345300"
 "262","36212","colorMasks","0.505800"
 "263","36212","encodeMessages","0.000100"
 "264","36212","decodeMessages","0.000100"
 "265","36212","grayscale_avg","0.562200"
 "266","36212","grayscale_lums","0.504900"
 "267","36212","flipX","0.671000"
 "268","36212","flipY","0.684200"
 "269","36212","std_convolve_clamp_to_0","1.150900"
 "270","36212","std_convolve_clamp_to_border","1.431300"
 "271","36212","colorMasks","0.622900"
 "272","36212","encodeMessages","0.000000"
 "273","36212","decodeMessages","0.000100"
 "274","36212","grayscale_avg","0.694200"
 "275","36212","grayscale_lums","0.384900"
 "276","36212","flipX","0.655100"
 "277","36212","flipY","0.727400"
 "278","36212","std_convolve_clamp_to_0","1.127100"
 "279","36212","std_convolve_clamp_to_border","1.236400"
 "280","36212","colorMasks","0.539600"
 "281","36212","encodeMessages","0.000200"
 "282","36212","decodeMessages","0.000000"
 "283","36212","grayscale_avg","0.390900"
 "284","36212","grayscale_lums","0.451300"
 "285","36212","flipX","0.716600"
 "286","36212","flipY","0.690800"
 "287","36212","std_convolve_clamp_to_0","1.222600"
 "288","36212","std_convolve_clamp_to_border","1.420600"
 "289","36212","colorMasks","0.478600"
 "290","36212","encodeMessages","0.000100"
 "291","36212","decodeMessages","0.000000"
 "292","36212","grayscale_avg","0.320100"
 "293","36212","grayscale_lums","0.399300"
 "294","36212","flipX","0.685900"
 "295","36212","flipY","0.831700"
 "296","36212","std_convolve_clamp_to_0","1.154200"
 "297","36212","std_convolve_clamp_to_border","1.149300"
 "298","36212","colorMasks","0.485300"
 "299","36212","encodeMessages","0.000100"
 "300","36212","decodeMessages","0.000000"
 "301","36212","grayscale_avg","0.336300"
 "302","36212","grayscale_lums","0.360100"
 "303","36212","flipX","0.638100"
 "304","36212","flipY","0.678400"
 "305","36212","std_convolve_clamp_to_0","1.233100"
 "306","36212","std_convolve_clamp_to_border","1.732800"
 "307","36212","colorMasks","0.465700"
 "308","36212","encodeMessages","0.000100"
 "309","36212","decodeMessages","0.000000"
 "310","36212","grayscale_avg","0.346000"
 "311","36212","grayscale_lums","0.392100"
 "312","36212","flipX","0.613800"
 "313","36212","flipY","0.796600"
 "314","36212","std_convolve_clamp_to_0","1.152300"
 "315","36212","std_convolve_clamp_to_border","1.164200"
 "316","36212","colorMasks","0.578700"
 "317","36212","encodeMessages","0.000400"
 "318","36212","decodeMessages","0.000100"
 "319","36212","grayscale_avg","0.410600"
 "320","36212","grayscale_lums","0.403300"
 "321","36212","flipX","0.619800"
 "322","36212","flipY","0.706900"
 "323","36212","std_convolve_clamp_to_0","1.192300"
 "324","36212","std_convolve_clamp_to_border","1.100800"
 "325","36212","colorMasks","0.463800"
 "326","36212","encodeMessages","0.000100"
 "327","36212","decodeMessages","0.000000"
 "328","36212","grayscale_avg","0.359200"
 "329","36212","grayscale_lums","0.319700"
 "330","36212","flipX","0.611400"
 "331","36212","flipY","0.719600"
 "332","36212","std_convolve_clamp_to_0","1.157900"
 "333","36212","std_convolve_clamp_to_border","1.155100"
 "334","36212","colorMasks","0.493400"
 "335","36212","encodeMessages","0.000200"
 "336","36212","decodeMessages","0.000100"
 "337","36212","grayscale_avg","0.356800"
 "338","36212","grayscale_lums","0.342400"
 "339","36212","flipX","0.679300"
 "340","36212","flipY","0.935500"
 "341","36212","std_convolve_clamp_to_0","1.778200"
 "342","36212","std_convolve_clamp_to_border","1.791100"
 "343","36212","colorMasks","0.614500"
 "344","36212","encodeMessages","0.000100"
 "345","36212","decodeMessages","0.000000"
 "346","36212","grayscale_avg","0.393100"
 "347","36212","grayscale_lums","0.459700"
 "348","36212","flipX","0.934500"
 "349","36212","flipY","1.591000"
 "350","36212","std_convolve_clamp_to_0","1.816500"
 "351","36212","std_convolve_clamp_to_border","1.233000"
 "352","36212","colorMasks","0.514300"
 "353","36212","encodeMessages","0.000400"
 "354","36212","decodeMessages","0.000000"
 "355","36212","grayscale_avg","0.361000"
 "356","36212","grayscale_lums","0.310200"
 "357","36212","flipX","0.690500"
 "358","36212","flipY","0.818100"
 "359","36212","std_convolve_clamp_to_0","1.078000"
 "360","36212","std_convolve_clamp_to_border","1.123000"
 "361","36212","colorMasks","0.497700"
 "362","36212","encodeMessages","0.000100"
 "363","36212","decodeMessages","0.000100"
 "364","36212","grayscale_avg","0.326000"
 "365","36212","grayscale_lums","0.399900"
 "366","36212","flipX","0.724100"
 "367","36212","flipY","0.665000"
 "368","36212","std_convolve_clamp_to_0","1.215500"
 "369","36212","std_convolve_clamp_to_border","1.157700"
 "370","36212","colorMasks","0.673700"
 "371","36212","encodeMessages","0.000600"
 "372","36212","decodeMessages","0.000200"
 "373","36212","grayscale_avg","0.551800"
 "374","36212","grayscale_lums","0.360400"
 "375","36212","flipX","0.696100"
 "376","36212","flipY","0.794200"
 "377","36212","std_convolve_clamp_to_0","1.216200"
 "378","36212","std_convolve_clamp_to_border","1.231400"
 "379","36212","colorMasks","0.458200"
 "380","36212","encodeMessages","0.000100"
 "381","36212","decodeMessages","0.000000"
 "382","36212","grayscale_avg","0.363600"
 "383","36212","grayscale_lums","0.407700"
 "384","36212","flipX","0.640100"
 "385","36212","flipY","0.784000"
 "386","36212","std_convolve_clamp_to_0","1.223800"
 "387","36212","std_convolve_clamp_to_border","1.254500"
 "388","36212","colorMasks","0.477200"
 "389","36212","encodeMessages","0.000100"
 "390","36212","decodeMessages","0.000000"
 "391","36212","grayscale_avg","0.382100"
 "392","36212","grayscale_lums","0.322400"
 "393","36212","flipX","0.678400"
 "394","36212","flipY","0.746000"
 "395","36212","std_convolve_clamp_to_0","1.163000"
 "396","36212","std_convolve_clamp_to_border","1.159000"
 "397","36212","colorMasks","0.652900"
 "398","36212","encodeMessages","0.000200"
 "399","36212","decodeMessages","0.000200"
 "400","36212","grayscale_avg","0.318600"
 "401","36212","grayscale_lums","0.335200"
 "402","36212","flipX","0.616900"
 "403","36212","flipY","0.842100"
 "404","36212","std_convolve_clamp_to_0","1.546400"
 "405","36212","std_convolve_clamp_to_border","1.334600"
 "406","36212","colorMasks","0.516600"
 "407","36212","encodeMessages","0.000100"
 "408","36212","decodeMessages","0.000000"
 "409","36212","grayscale_avg","0.349700"
 "410","36212","grayscale_lums","0.393900"
 "411","36212","flipX","0.727100"
 "412","36212","flipY","0.783200"
 "413","36212","std_convolve_clamp_to_0","1.148300"
 "414","36212","std_convolve_clamp_to_border","1.242200"
 "415","36212","colorMasks","0.435900"
 "416","36212","encodeMessages","0.000100"
 "417","36212","decodeMessages","0.000000"
 "418","36212","grayscale_avg","0.410100"
 "419","36212","grayscale_lums","0.298400"
 "420","36212","flipX","0.662000"
 "421","36212","flipY","0.814900"
 "422","36212","std_convolve_clamp_to_0","1.148300"
 "423","36212","std_convolve_clamp_to_border","1.233900"
 "424","36212","colorMasks","0.457300"
 "425","36212","encodeMessages","0.000000"
 "426","36212","decodeMessages","0.000100"
 "427","36212","grayscale_avg","0.338400"
 "428","36212","grayscale_lums","0.412400"
 "429","36212","flipX","0.589100"
 "430","36212","flipY","0.805200"
 "431","36212","std_convolve_clamp_to_0","1.187300"
 "432","36212","std_convolve_clamp_to_border","1.246700"
 "433","36212","colorMasks","0.532500"
 "434","36212","encodeMessages","0.000100"
 "435","36212","decodeMessages","0.000000"
 "436","36212","grayscale_avg","0.300800"
 "437","36212","grayscale_lums","0.332800"
 "438","36212","flipX","0.719800"
 "439","36212","flipY","1.000200"
 "440","36212","std_convolve_clamp_to_0","2.309600"
 "441","36212","std_convolve_clamp_to_border","1.296500"
 "442","36212","colorMasks","0.482500"
 "443","36212","encodeMessages","0.000100"
 "444","36212","decodeMessages","0.000000"
 "445","36212","grayscale_avg","0.376700"
 "446","36212","grayscale_lums","0.470300"
 "447","36212","flipX","0.757600"
 "448","36212","flipY","0.897700"
 "449","36212","std_convolve_clamp_to_0","1.285300"
 "450","36212","std_convolve_clamp_to_border","1.306300"
 "451","36212","colorMasks","0.408300"
 "452","36212","encodeMessages","0.000100"
 "453","36212","decodeMessages","0.000000"
 "1","36212","grayscale_avg","0.155600"
 "4","36212","grayscale_avg","0.282100"
 "5","36212","grayscale_lums","0.287700"
 "6","36212","flipX","0.512700"
 "7","36212","flipY","0.566400"
 "8","36212","std_convolve_clamp_to_0","1.001800"
 "9","36212","std_convolve_clamp_to_border","0.951100"
 "10","36212","colorMasks","0.472700"
 "11","36212","encodeMessages","0.000300"
 "12","36212","decodeMessages","0.000000"
 "13","36212","grayscale_avg","0.298300"
 "14","36212","grayscale_lums","0.248200"
 "15","36212","flipX","0.509100"
 "16","36212","flipY","0.577100"
 "17","36212","std_convolve_clamp_to_0","0.943200"
 "18","36212","std_convolve_clamp_to_border","0.898400"
 "19","36212","colorMasks","0.350500"
 "20","36212","encodeMessages","0.000000"
 "21","36212","decodeMessages","0.000200"
 "22","36212","grayscale_avg","0.313600"
 "23","36212","grayscale_lums","0.274900"
 "24","36212","flipX","0.541700"
 "25","36212","flipY","0.608300"
 "26","36212","std_convolve_clamp_to_0","0.930400"
 "27","36212","std_convolve_clamp_to_border","1.058200"
 "28","36212","colorMasks","0.378700"
 "29","36212","encodeMessages","0.000100"
 "30","36212","decodeMessages","0.000000"
 "31","36212","grayscale_avg","0.251300"
 "32","36212","grayscale_lums","0.320100"
 "33","36212","flipX","0.547500"
 "34","36212","flipY","0.612900"
 "35","36212","std_convolve_clamp_to_0","0.942300"
 "36","36212","std_convolve_clamp_to_border","0.994500"
 "37","36212","colorMasks","0.368900"
 "38","36212","encodeMessages","0.000100"
 "39","36212","decodeMessages","0.000100"
 "40","36212","grayscale_avg","0.257400"
 "41","36212","grayscale_lums","0.251700"
 "42","36212","flipX","0.530600"
 "43","36212","flipY","0.636800"
 "44","36212","std_convolve_clamp_to_0","0.988400"
 "45","36212","std_convolve_clamp_to_border","0.874000"
 "46","36212","colorMasks","0.385500"
 "47","36212","encodeMessages","0.000200"
 "48","36212","decodeMessages","0.000000"
 "49","36212","grayscale_avg","0.300300"
 "50","36212","grayscale_lums","0.298800"
 "51","36212","flipX","0.499300"
 "52","36212","flipY","0.589600"
 "53","36212","std_convolve_clamp_to_0","0.954900"
 "54","36212","std_convolve_clamp_to_border","1.275400"
 "55","36212","colorMasks","1.098200"
 "56","36212","encodeMessages","0.000300"
 "57","36212","decodeMessages","0.000300"
 "58","36212","grayscale_avg","0.647100"
 "59","36212","grayscale_lums","0.399800"
 "60","36212","flipX","0.668800"
 "61","36212","flipY","0.747700"
 "62","36212","std_convolve_clamp_to_0","1.091400"
 "63","36212","std_convolve_clamp_to_border","1.183900"
 "64","36212","colorMasks","0.470600"
 "65","36212","encodeMessages","0.000000"
 "66","36212","decodeMessages","0.000000"
 "67","36212","grayscale_avg","0.325500"
 "68","36212","grayscale_lums","0.313800"
 "69","36212","flipX","0.714000"
 "70","36212","flipY","0.748700"
 "71","36212","std_convolve_clamp_to_0","1.139400"
 "72","36212","std_convolve_clamp_to_border","1.212600"
 "73","36212","colorMasks","0.512000"
 "74","36212","encodeMessages","0.000200"
 "75","36212","decodeMessages","0.000000"
 "76","36212","grayscale_avg","0.304900"
 "77","36212","grayscale_lums","0.284600"
 "78","36212","flipX","0.575600"
 "79","36212","flipY","0.645000"
 "80","36212","std_convolve_clamp_to_0","1.189100"
 "81","36212","std_convolve_clamp_to_border","1.092400"
 "82","36212","colorMasks","0.498400"
 "83","36212","encodeMessages","0.000100"
 "84","36212","decodeMessages","0.000100"
 "85","36212","grayscale_avg","0.308600"
 "86","36212","grayscale_lums","0.284900"
 "87","36212","flipX","0.654400"
 "88","36212","flipY","0.650400"
 "89","36212","std_convolve_clamp_to_0","1.064800"
 "90","36212","std_convolve_clamp_to_border","1.405200"
 "91","36212","colorMasks","0.529600"
 "92","36212","encodeMessages","0.000100"
 "93","36212","decodeMessages","0.000100"
 "94","36212","grayscale_avg","0.395900"
 "95","36212","grayscale_lums","0.352900"
 "96","36212","flipX","0.622400"
 "97","36212","flipY","0.686900"
 "98","36212","std_convolve_clamp_to_0","1.030200"
 "99","36212","std_convolve_clamp_to_border","1.182700"
 "100","36212","colorMasks","0.431800"
 "101","36212","encodeMessages","0.000100"
 "102","36212","decodeMessages","0.000000"
 "103","36212","grayscale_avg","0.329900"
 "104","36212","grayscale_lums","0.414100"
 "105","36212","flipX","0.701500"
 "106","36212","flipY","0.595300"
 "107","36212","std_convolve_clamp_to_0","1.063300"
 "108","36212","std_convolve_clamp_to_border","1.152000"
 "109","36212","colorMasks","0.468700"
 "110","36212","encodeMessages","0.000100"
 "111","36212","decodeMessages","0.000100"
 "112","36212","grayscale_avg","0.283900"
 "113","36212","grayscale_lums","0.385900"
 "114","36212","flipX","0.607700"
 "115","36212","flipY","0.612100"
 "116","36212","std_convolve_clamp_to_0","1.120400"
 "117","36212","std_convolve_clamp_to_border","1.141800"
 "118","36212","colorMasks","0.504400"
 "119","36212","encodeMessages","0.000200"
 "120","36212","decodeMessages","0.000000"
 "121","36212","grayscale_avg","0.323500"
 "122","36212","grayscale_lums","0.310800"
 "123","36212","flipX","0.656500"
 "124","36212","flipY","0.664100"
 "125","36212","std_convolve_clamp_to_0","1.307000"
 "126","36212","std_convolve_clamp_to_border","1.280800"
 "127","36212","colorMasks","0.463000"
 "128","36212","encodeMessages","0.000200"
 "129","36212","decodeMessages","0.000000"
 "130","36212","grayscale_avg","0.341900"
 "131","36212","grayscale_lums","0.332600"
 "132","36212","flipX","0.678700"
 "133","36212","flipY","0.669600"
 "134","36212","std_convolve_clamp_to_0","1.121400"
 "135","36212","std_convolve_clamp_to_border","1.216500"
 "136","36212","colorMasks","0.454100"
 "137","36212","encodeMessages","0.000100"
 "138","36212","decodeMessages","0.000000"
 "139","36212","grayscale_avg","0.328100"
 "140","36212","grayscale_lums","0.325100"
 "141","36212","flipX","0.654000"
 "142","36212","flipY","0.652400"
 "143","36212","std_convolve_clamp_to_0","1.086100"
 "144","36212","std_convolve_clamp_to_border","1.161000"
 "145","36212","colorMasks","0.446300"
 "146","36212","encodeMessages","0.000100"
 "147","36212","decodeMessages","0.000000"
 "148","36212","grayscale_avg","0.340600"
 "149","36212","grayscale_lums","0.317700"
 "150","36212","flipX","0.622700"
 "151","36212","flipY","0.612600"
 "152","36212","std_convolve_clamp_to_0","1.086100"
 "153","36212","std_convolve_clamp_to_border","1.147200"
 "154","36212","colorMasks","0.474800"
 "155","36212","encodeMessages","0.000000"
 "156","36212","decodeMessages","0.000100"
 "157","36212","grayscale_avg","0.343800"
 "158","36212","grayscale_lums","0.320300"
 "159","36212","flipX","0.824500"
 "160","36212","flipY","0.746800"
 "161","36212","std_convolve_clamp_to_0","1.305700"
 "162","36212","std_convolve_clamp_to_border","1.779600"
 "163","36212","colorMasks","0.539100"
 "164","36212","encodeMessages","0.000200"
 "165","36212","decodeMessages","0.000100"
 "166","36212","grayscale_avg","0.289500"
 "167","36212","grayscale_lums","0.366500"
 "168","36212","flipX","0.583600"
 "169","36212","flipY","0.702200"
 "170","36212","std_convolve_clamp_to_0","1.144900"
 "171","36212","std_convolve_clamp_to_border","1.149800"
 "172","36212","colorMasks","0.486500"
 "173","36212","encodeMessages","0.000100"
 "174","36212","decodeMessages","0.000000"
 "175","36212","grayscale_avg","0.344800"
 "176","36212","grayscale_lums","0.403900"
 "177","36212","flipX","0.764800"
 "178","36212","flipY","0.690600"
 "179","36212","std_convolve_clamp_to_0","1.125300"
 "180","36212","std_convolve_clamp_to_border","1.082300"
 "181","36212","colorMasks","0.519100"
 "182","36212","encodeMessages","0.000000"
 "183","36212","decodeMessages","0.000100"
 "184","36212","grayscale_avg","0.314700"
 "185","36212","grayscale_lums","0.326900"
 "186","36212","flipX","0.572800"
 "187","36212","flipY","0.721300"
 "188","36212","std_convolve_clamp_to_0","1.116200"
 "189","36212","std_convolve_clamp_to_border","1.481100"
 "190","36212","colorMasks","0.819100"
 "191","36212","encodeMessages","0.000200"
 "192","36212","decodeMessages","0.000100"
 "193","36212","grayscale_avg","0.519500"
 "194","36212","grayscale_lums","0.557900"
 "195","36212","flipX","1.229200"
 "196","36212","flipY","1.372800"
 "197","36212","std_convolve_clamp_to_0","1.764300"
 "198","36212","std_convolve_clamp_to_border","1.549200"
 "199","36212","colorMasks","0.602700"
 "200","36212","encodeMessages","0.000100"
 "201","36212","decodeMessages","0.000000"
 "202","36212","grayscale_avg","0.441300"
 "203","36212","grayscale_lums","0.188700"
 "204","36212","flipX","0.468100"
 "205","36212","flipY","0.401000"
 "206","36212","std_convolve_clamp_to_0","0.758300"
 "207","36212","std_convolve_clamp_to_border","0.851700"
 "208","36212","colorMasks","0.359200"
 "209","36212","encodeMessages","0.000100"
 "210","36212","decodeMessages","0.000200"
 "211","36212","grayscale_avg","0.300800"
 "212","36212","grayscale_lums","0.283800"
 "213","36212","flipX","0.532900"
 "214","36212","flipY","1.218400"
 "215","36212","std_convolve_clamp_to_0","1.725600"
 "216","36212","std_convolve_clamp_to_border","1.269700"
 "217","36212","colorMasks","0.785400"
 "218","36212","encodeMessages","0.000300"
 "219","36212","decodeMessages","0.000100"
 "220","36212","grayscale_avg","0.556800"
 "221","36212","grayscale_lums","0.608300"
 "222","36212","flipX","0.812600"
 "223","36212","flipY","1.504600"
 "224","36212","std_convolve_clamp_to_0","1.870100"
 "225","36212","std_convolve_clamp_to_border","1.192000"
 "226","36212","colorMasks","0.422300"
 "227","36212","encodeMessages","0.000100"
 "228","36212","decodeMessages","0.000000"
 "229","36212","grayscale_avg","0.286300"
 "230","36212","grayscale_lums","0.351900"
 "231","36212","flipX","1.025100"
 "232","36212","flipY","0.799200"
 "233","36212","std_convolve_clamp_to_0","1.209300"
 "234","36212","std_convolve_clamp_to_border","1.178500"
 "235","36212","colorMasks","0.602700"
 "236","36212","encodeMessages","0.000200"
 "237","36212","decodeMessages","0.000000"
 "238","36212","grayscale_avg","0.506600"
 "239","36212","grayscale_lums","0.495500"
 "240","36212","flipX","1.020600"
 "241","36212","flipY","1.140100"
 "242","36212","std_convolve_clamp_to_0","1.278700"
 "243","36212","std_convolve_clamp_to_border","1.105900"
 "244","36212","colorMasks","0.587400"
 "245","36212","encodeMessages","0.000200"
 "246","36212","decodeMessages","0.000000"
 "247","36212","grayscale_avg","0.368800"
 "248","36212","grayscale_lums","0.336300"
 "249","36212","flipX","0.592500"
 "250","36212","flipY","1.023000"
 "251","36212","std_convolve_clamp_to_0","1.358700"
 "252","36212","std_convolve_clamp_to_border","1.520300"
 "253","36212","colorMasks","0.501100"
 "254","36212","encodeMessages","0.000200"
 "255","36212","decodeMessages","0.000100"
 "256","36212","grayscale_avg","0.452300"
 "257","36212","grayscale_lums","0.321000"
 "258","36212","flipX","0.641600"
 "259","36212","flipY","0.851900"
 "260","36212","std_convolve_clamp_to_0","1.589300"
 "261","36212","std_convolve_clamp_to_border","1.119100"
 "262","36212","colorMasks","0.485000"
 "263","36212","encodeMessages","0.000000"
 "264","36212","decodeMessages","0.000100"
 "265","36212","grayscale_avg","0.432000"
 "266","36212","grayscale_lums","0.307300"
 "267","36212","flipX","0.836700"
 "268","36212","flipY","1.006100"
 "269","36212","std_convolve_clamp_to_0","1.683400"
 "270","36212","std_convolve_clamp_to_border","1.174100"
 "271","36212","colorMasks","0.476100"
 "272","36212","encodeMessages","0.000200"
 "273","36212","decodeMessages","0.000100"
 "274","36212","grayscale_avg","0.405100"
 "275","36212","grayscale_lums","0.315000"
 "276","36212","flipX","0.637200"
 "277","36212","flipY","0.737600"
 "278","36212","std_convolve_clamp_to_0","1.428800"
 "279","36212","std_convolve_clamp_to_border","1.121400"
 "280","36212","colorMasks","0.471000"
 "281","36212","encodeMessages","0.000000"
 "282","36212","decodeMessages","0.000100"
 "283","36212","grayscale_avg","0.314300"
 "284","36212","grayscale_lums","0.359200"
 "285","36212","flipX","0.760300"
 "286","36212","flipY","0.811000"
 "287","36212","std_convolve_clamp_to_0","1.237100"
 "288","36212","std_convolve_clamp_to_border","1.290200"
 "289","36212","colorMasks","0.463200"
 "290","36212","encodeMessages","0.000100"
 "291","36212","decodeMessages","0.000100"
 "292","36212","grayscale_avg","0.350700"
 "293","36212","grayscale_lums","0.330000"
 "294","36212","flipX","0.616700"
 "295","36212","flipY","0.643800"
 "296","36212","std_convolve_clamp_to_0","1.133200"
 "297","36212","std_convolve_clamp_to_border","1.182900"
 "298","36212","colorMasks","0.471900"
 "299","36212","encodeMessages","0.000200"
 "300","36212","decodeMessages","0.000100"
 "301","36212","grayscale_avg","0.339400"
 "302","36212","grayscale_lums","0.414300"
 "303","36212","flipX","0.784800"
 "304","36212","flipY","1.080500"
 "305","36212","std_convolve_clamp_to_0","1.251800"
 "306","36212","std_convolve_clamp_to_border","1.198200"
 "307","36212","colorMasks","0.388000"
 "308","36212","encodeMessages","0.000200"
 "309","36212","decodeMessages","0.000100"
 "310","36212","grayscale_avg","0.347300"
 "311","36212","grayscale_lums","0.290300"
 "312","36212","flipX","0.575500"
 "313","36212","flipY","0.685400"
 "314","36212","std_convolve_clamp_to_0","1.420200"
 "315","36212","std_convolve_clamp_to_border","1.185500"
 "316","36212","colorMasks","0.474700"
 "317","36212","encodeMessages","0.000100"
 "318","36212","decodeMessages","0.000100"
 "319","36212","grayscale_avg","0.317100"
 "320","36212","grayscale_lums","0.311800"
 "321","36212","flipX","0.614500"
 "322","36212","flipY","0.726800"
 "323","36212","std_convolve_clamp_to_0","1.134600"
 "324","36212","std_convolve_clamp_to_border","1.171800"
 "325","36212","colorMasks","0.431400"
 "326","36212","encodeMessages","0.000100"
 "327","36212","decodeMessages","0.000100"
 "328","36212","grayscale_avg","0.343100"
 "329","36212","grayscale_lums","0.355600"
 "330","36212","flipX","0.650200"
 "331","36212","flipY","0.695000"
 "332","36212","std_convolve_clamp_to_0","1.135400"
 "333","36212","std_convolve_clamp_to_border","1.338000"
 "334","36212","colorMasks","0.594200"
 "335","36212","encodeMessages","0.000300"
 "336","36212","decodeMessages","0.000100"
 "337","36212","grayscale_avg","0.511100"
 "338","36212","grayscale_lums","0.526100"
 "339","36212","flipX","0.767400"
 "340","36212","flipY","1.264100"
 "341","36212","std_convolve_clamp_to_0","1.513300"
 "342","36212","std_convolve_clamp_to_border","1.822200"
 "343","36212","colorMasks","0.875700"
 "344","36212","encodeMessages","0.000400"
 "345","36212","decodeMessages","0.000200"
 "346","36212","grayscale_avg","0.558700"
 "347","36212","grayscale_lums","0.468400"
 "348","36212","flipX","0.937400"
 "349","36212","flipY","0.718200"
 "350","36212","std_convolve_clamp_to_0","1.265000"
 "351","36212","std_convolve_clamp_to_border","1.277200"
 "352","36212","colorMasks","0.538000"
 "353","36212","encodeMessages","0.000200"
 "354","36212","decodeMessages","0.000100"
 "355","36212","grayscale_avg","0.265900"
 "356","36212","grayscale_lums","0.351900"
 "357","36212","flipX","0.603800"
 "358","36212","flipY","0.736200"
 "359","36212","std_convolve_clamp_to_0","1.179000"
 "360","36212","std_convolve_clamp_to_border","1.313600"
 "361","36212","colorMasks","0.506300"
 "362","36212","encodeMessages","0.000100"
 "363","36212","decodeMessages","0.000000"
 "364","36212","grayscale_avg","0.356100"
 "365","36212","grayscale_lums","0.326700"
 "366","36212","flipX","0.612500"
 "367","36212","flipY","0.798700"
 "368","36212","std_convolve_clamp_to_0","1.575000"
 "369","36212","std_convolve_clamp_to_border","1.254800"
 "370","36212","colorMasks","0.525300"
 "371","36212","encodeMessages","0.000100"
 "372","36212","decodeMessages","0.000000"
 "373","36212","grayscale_avg","0.328800"
 "374","36212","grayscale_lums","0.382200"
 "375","36212","flipX","0.582500"
 "376","36212","flipY","0.697900"
 "377","36212","std_convolve_clamp_to_0","1.192100"
 "378","36212","std_convolve_clamp_to_border","1.205500"
 "379","36212","colorMasks","0.490200"
 "380","36212","encodeMessages","0.000200"
 "381","36212","decodeMessages","0.000000"
 "382","36212","grayscale_avg","0.358200"
 "383","36212","grayscale_lums","0.315400"
 "384","36212","flipX","0.698300"
 "385","36212","flipY","0.801900"
 "386","36212","std_convolve_clamp_to_0","1.169900"
 "387","36212","std_convolve_clamp_to_border","1.243600"
 "388","36212","colorMasks","0.520500"
 "389","36212","encodeMessages","0.000000"
 "390","36212","decodeMessages","0.000100"
 "391","36212","grayscale_avg","0.314800"
 "392","36212","grayscale_lums","0.371600"
 "393","36212","flipX","0.587800"
 "394","36212","flipY","0.699700"
 "395","36212","std_convolve_clamp_to_0","1.318600"
 "396","36212","std_convolve_clamp_to_border","1.152400"
 "397","36212","colorMasks","0.522700"
 "398","36212","encodeMessages","0.000100"
 "399","36212","decodeMessages","0.000100"
 "400","36212","grayscale_avg","0.378900"
 "401","36212","grayscale_lums","0.445500"
 "402","36212","flipX","0.832300"
 "403","36212","flipY","0.945300"
 "404","36212","std_convolve_clamp_to_0","1.168300"
 "405","36212","std_convolve_clamp_to_border","1.250800"
 "406","36212","colorMasks","0.482100"
 "407","36212","encodeMessages","0.000300"
 "408","36212","decodeMessages","0.000100"
 "409","36212","grayscale_avg","0.359500"
 "410","36212","grayscale_lums","0.346000"
 "411","36212","flipX","0.630900"
 "412","36212","flipY","0.776200"
 "413","36212","std_convolve_clamp_to_0","1.112200"
 "414","36212","std_convolve_clamp_to_border","1.290800"
 "415","36212","colorMasks","0.498000"
 "416","36212","encodeMessages","0.000100"
 "417","36212","decodeMessages","0.000100"
 "418","36212","grayscale_avg","0.314300"
 "419","36212","grayscale_lums","0.321600"
 "420","36212","flipX","0.648900"
 "421","36212","flipY","0.711100"
 "422","36212","std_convolve_clamp_to_0","1.175400"
 "423","36212","std_convolve_clamp_to_border","1.245300"
 "424","36212","colorMasks","0.539200"
 "425","36212","encodeMessages","0.000200"
 "426","36212","decodeMessages","0.000100"
 "427","36212","grayscale_avg","0.364600"
 "428","36212","grayscale_lums","0.298300"
 "429","36212","flipX","0.733900"
 "430","36212","flipY","0.730500"
 "431","36212","std_convolve_clamp_to_0","1.233200"
 "432","36212","std_convolve_clamp_to_border","1.215500"
 "433","36212","colorMasks","0.605000"
 "434","36212","encodeMessages","0.000200"
 "435","36212","decodeMessages","0.000000"
 "436","36212","grayscale_avg","0.394600"
 "437","36212","grayscale_lums","0.553700"
 "438","36212","flipX","1.336500"
 "439","36212","flipY","1.063800"
 "440","36212","std_convolve_clamp_to_0","1.139300"
 "441","36212","std_convolve_clamp_to_border","1.477200"
 "442","36212","colorMasks","0.656600"
 "443","36212","encodeMessages","0.000700"
 "444","36212","decodeMessages","0.000000"
 "445","36212","grayscale_avg","0.311100"
 "446","36212","grayscale_lums","0.298200"
 "447","36212","flipX","0.679900"
 "448","36212","flipY","0.696800"
 "449","36212","std_convolve_clamp_to_0","1.230700"
 "450","36212","std_convolve_clamp_to_border","1.359400"
 "451","36212","colorMasks","0.847500"
 "452","36212","encodeMessages","0.000400"
 "453","36212","decodeMessages","0.000200"